{"cameraMode":{"drawMode":0,"name":"Shaded","section":"Shading Mode"},"sceneLighting":true,"audioPlay":false,"sceneViewState":{"m_AlwaysRefresh":false,"showFog":true,"showSkybox":true,"showFlares":true,"showImageEffects":true,"showParticleSystems":true,"showVisualEffectGraphs":true,"m_FxEnabled":true},"in2DMode":false,"pivot":{"x":1.1476058959960938,"y":-1.4316970109939576,"z":3.1627655029296877},"rotation":{"x":0.007802288047969341,"y":0.9874503016471863,"z":-0.14904607832431794,"w":0.051691632717847827},"size":2.6331522464752199,"orthographic":false}